-- MySQL Script generated by MySQL Workbench
-- Thu Feb 20 16:29:32 2020
-- Model: New Model    Version: 1.0
-- MySQL Workbench Forward Engineering

SET @OLD_UNIQUE_CHECKS=@@UNIQUE_CHECKS, UNIQUE_CHECKS=0;
SET @OLD_FOREIGN_KEY_CHECKS=@@FOREIGN_KEY_CHECKS, FOREIGN_KEY_CHECKS=0;
SET @OLD_SQL_MODE=@@SQL_MODE, SQL_MODE='ONLY_FULL_GROUP_BY,STRICT_TRANS_TABLES,NO_ZERO_IN_DATE,NO_ZERO_DATE,ERROR_FOR_DIVISION_BY_ZERO,NO_ENGINE_SUBSTITUTION';

-- -----------------------------------------------------
-- Schema vfo19a
-- -----------------------------------------------------
DROP SCHEMA IF EXISTS `vfo19a` ;

-- -----------------------------------------------------
-- Schema vfo19a
-- -----------------------------------------------------
CREATE SCHEMA IF NOT EXISTS `vfo19a` DEFAULT CHARACTER SET utf8 ;
SHOW WARNINGS;
USE `vfo19a` ;

-- -----------------------------------------------------
-- Table `vfo19a`.`petstore`
-- -----------------------------------------------------
DROP TABLE IF EXISTS `vfo19a`.`petstore` ;

SHOW WARNINGS;
CREATE TABLE IF NOT EXISTS `vfo19a`.`petstore` (
  `pst_id` SMALLINT UNSIGNED NOT NULL AUTO_INCREMENT,
  `pst_name` VARCHAR(30) NOT NULL,
  `pst_street` VARCHAR(30) NOT NULL,
  `pst_city` VARCHAR(30) NOT NULL,
  `pst_state` CHAR(2) NOT NULL,
  `pst_zip` INT(9) UNSIGNED ZEROFILL NOT NULL,
  `pst_phone` BIGINT UNSIGNED NOT NULL,
  `pst_email` VARCHAR(100) NOT NULL,
  `pst_url` VARCHAR(100) NOT NULL,
  `pst_ytd_sales` DECIMAL(10,2) UNSIGNED NOT NULL,
  PRIMARY KEY (`pst_id`))
ENGINE = InnoDB;

SHOW WARNINGS;

-- -----------------------------------------------------
-- Table `vfo19a`.`customer`
-- -----------------------------------------------------
DROP TABLE IF EXISTS `vfo19a`.`customer` ;

SHOW WARNINGS;
CREATE TABLE IF NOT EXISTS `vfo19a`.`customer` (
  `cus_id` SMALLINT UNSIGNED NOT NULL AUTO_INCREMENT,
  `cus_fname` VARCHAR(15) NOT NULL,
  `cus_lname` VARCHAR(15) NOT NULL,
  `cus_street` VARCHAR(30) NOT NULL,
  `cus_city` VARCHAR(30) NOT NULL,
  `cus_state` CHAR(2) NOT NULL,
  `cus_zip` INT UNSIGNED ZEROFILL NOT NULL,
  `cus_phone` BIGINT UNSIGNED NOT NULL,
  `cus_email` VARCHAR(100) NOT NULL,
  `cus_balance` DECIMAL(6,2) UNSIGNED NOT NULL,
  `cus_total_sales` DECIMAL(6,2) UNSIGNED NOT NULL,
  PRIMARY KEY (`cus_id`))
ENGINE = InnoDB;

SHOW WARNINGS;

-- -----------------------------------------------------
-- Table `vfo19a`.`pet`
-- -----------------------------------------------------
DROP TABLE IF EXISTS `vfo19a`.`pet` ;

SHOW WARNINGS;
CREATE TABLE IF NOT EXISTS `vfo19a`.`pet` (
  `pet_id` SMALLINT UNSIGNED NOT NULL AUTO_INCREMENT,
  `pst_id` SMALLINT UNSIGNED NOT NULL,
  `cus_id` SMALLINT UNSIGNED NULL,
  `pet_type` VARCHAR(45) NOT NULL,
  `pet_sex` ENUM('m', 'f') NOT NULL,
  `pet_cost` DECIMAL(6,2) NOT NULL,
  `pet_price` DECIMAL(6,2) NOT NULL,
  `pet_age` TINYINT NOT NULL,
  `pet_color` VARCHAR(30) NOT NULL,
  `pet_sale_date` DATE NULL,
  `pet_vaccine` ENUM('y', 'n') NOT NULL,
  `pet_neuter` ENUM('y', 'n') NOT NULL,
  PRIMARY KEY (`pet_id`),
  INDEX `fk_pet_petstore_idx` (`pst_id` ASC) VISIBLE,
  INDEX `fk_pet_customer1_idx` (`cus_id` ASC) VISIBLE,
  CONSTRAINT `fk_pet_petstore`
    FOREIGN KEY (`pst_id`)
    REFERENCES `vfo19a`.`petstore` (`pst_id`)
    ON DELETE NO ACTION
    ON UPDATE NO ACTION,
  CONSTRAINT `fk_pet_customer1`
    FOREIGN KEY (`cus_id`)
    REFERENCES `vfo19a`.`customer` (`cus_id`)
    ON DELETE NO ACTION
    ON UPDATE NO ACTION)
ENGINE = InnoDB;

SHOW WARNINGS;

SET SQL_MODE=@OLD_SQL_MODE;
SET FOREIGN_KEY_CHECKS=@OLD_FOREIGN_KEY_CHECKS;
SET UNIQUE_CHECKS=@OLD_UNIQUE_CHECKS;

-- -----------------------------------------------------
-- Data for table `vfo19a`.`petstore`
-- -----------------------------------------------------
START TRANSACTION;
USE `vfo19a`;
INSERT INTO `vfo19a`.`petstore` (`pst_id`, `pst_name`, `pst_street`, `pst_city`, `pst_state`, `pst_zip`, `pst_phone`, `pst_email`, `pst_url`, `pst_ytd_sales`) VALUES (1, 'Paws and Claws', '101 Sunset St.', 'Staten Island', 'NY', 103011234, 2438725553, 'dmath@comcast.net', 'www.pawsandclaws.com', 50000);
INSERT INTO `vfo19a`.`petstore` (`pst_id`, `pst_name`, `pst_street`, `pst_city`, `pst_state`, `pst_zip`, `pst_phone`, `pst_email`, `pst_url`, `pst_ytd_sales`) VALUES (2, 'Pet Shop', '93 Canterbury Ave.', 'Champlin', 'MN', 553166478, 3312191686, 'tamas@optonline.net', 'www.petshop.net', 11000);
INSERT INTO `vfo19a`.`petstore` (`pst_id`, `pst_name`, `pst_street`, `pst_city`, `pst_state`, `pst_zip`, `pst_phone`, `pst_email`, `pst_url`, `pst_ytd_sales`) VALUES (3, 'Pet Inc.', '435 Rock Creek Avenue', 'Michigan City', 'IN', 463609908, 4497599703, 'terjesa@me.com', 'www.petincorporated.org', 20000);
INSERT INTO `vfo19a`.`petstore` (`pst_id`, `pst_name`, `pst_street`, `pst_city`, `pst_state`, `pst_zip`, `pst_phone`, `pst_email`, `pst_url`, `pst_ytd_sales`) VALUES (4, 'Pet Place', '38 Pheasant Road', 'Chelsea', 'MA', 021505412, 3637983432, 'bester@sbcglobal.net', 'www.petplace.com', 34500);
INSERT INTO `vfo19a`.`petstore` (`pst_id`, `pst_name`, `pst_street`, `pst_city`, `pst_state`, `pst_zip`, `pst_phone`, `pst_email`, `pst_url`, `pst_ytd_sales`) VALUES (5, 'Pet Plaza', '438 Mill Ave.', 'Lapeer', 'MI', 484464787, 2828344133, 'eidac@outlook.com', 'www.petplaza.org', 60050);
INSERT INTO `vfo19a`.`petstore` (`pst_id`, `pst_name`, `pst_street`, `pst_city`, `pst_state`, `pst_zip`, `pst_phone`, `pst_email`, `pst_url`, `pst_ytd_sales`) VALUES (6, 'Raining Cats and Dogs', '9 West Fawn St.', 'Hollis', 'NY', 114230098, 2733766941, 'fluffy@verizon.net', 'www.catsanddogs.com', 20200);
INSERT INTO `vfo19a`.`petstore` (`pst_id`, `pst_name`, `pst_street`, `pst_city`, `pst_state`, `pst_zip`, `pst_phone`, `pst_email`, `pst_url`, `pst_ytd_sales`) VALUES (7, 'Puppy Power', '792 Addison Street', 'Marshalltown', 'IA', 501585646, 9244519808, 'chaki@optonline.net', 'www.puppypower.org', 12345);
INSERT INTO `vfo19a`.`petstore` (`pst_id`, `pst_name`, `pst_street`, `pst_city`, `pst_state`, `pst_zip`, `pst_phone`, `pst_email`, `pst_url`, `pst_ytd_sales`) VALUES (8, 'Cat Catastrophe', '9927 Oakland Ave.', 'Marion', 'NC', 287521112, 9005487499, 'timtroyr@aol.com', 'www.catcatastrophe.net', 55600);
INSERT INTO `vfo19a`.`petstore` (`pst_id`, `pst_name`, `pst_street`, `pst_city`, `pst_state`, `pst_zip`, `pst_phone`, `pst_email`, `pst_url`, `pst_ytd_sales`) VALUES (9, 'Pets R Us', '567 Smoky Hollow Street', 'Huntersville', 'NC', 280782346, 6808022224, 'blixem@msn.com', 'www.petsrus.com', 75000);
INSERT INTO `vfo19a`.`petstore` (`pst_id`, `pst_name`, `pst_street`, `pst_city`, `pst_state`, `pst_zip`, `pst_phone`, `pst_email`, `pst_url`, `pst_ytd_sales`) VALUES (10, 'The Pet Store Store', '32 College Avenue', 'Lenoir', 'NC', 286455545, 5597879811, 'maradine@sbcglobal.net', 'www.tpss.com', 39000);

COMMIT;


-- -----------------------------------------------------
-- Data for table `vfo19a`.`customer`
-- -----------------------------------------------------
START TRANSACTION;
USE `vfo19a`;
INSERT INTO `vfo19a`.`customer` (`cus_id`, `cus_fname`, `cus_lname`, `cus_street`, `cus_city`, `cus_state`, `cus_zip`, `cus_phone`, `cus_email`, `cus_balance`, `cus_total_sales`) VALUES (DEFAULT, 'Ayana', 'Alvarado', '42 North Richardson Lane', 'Emporia', 'KS', 66801, 2347629767, 'maradine@sbcglobal.net', 100, 2);
INSERT INTO `vfo19a`.`customer` (`cus_id`, `cus_fname`, `cus_lname`, `cus_street`, `cus_city`, `cus_state`, `cus_zip`, `cus_phone`, `cus_email`, `cus_balance`, `cus_total_sales`) VALUES (DEFAULT, 'Jorja', 'York', '891 Lake Forest Street', 'Marlborough', 'MA', 01752, 5554459091, 'pakaste@sbcglobal.net', 200, 3);
INSERT INTO `vfo19a`.`customer` (`cus_id`, `cus_fname`, `cus_lname`, `cus_street`, `cus_city`, `cus_state`, `cus_zip`, `cus_phone`, `cus_email`, `cus_balance`, `cus_total_sales`) VALUES (DEFAULT, 'Oluwatobiloba', 'Weeks', '7945 Parker Street', 'Round Lake', 'IL', 60073, 5696233557, 'hikoza@yahoo.ca', 300, 7);
INSERT INTO `vfo19a`.`customer` (`cus_id`, `cus_fname`, `cus_lname`, `cus_street`, `cus_city`, `cus_state`, `cus_zip`, `cus_phone`, `cus_email`, `cus_balance`, `cus_total_sales`) VALUES (DEFAULT, 'Ameena', 'Conrad', '7144 Rockland Dr.', 'Howell', 'NJ', 07731, 2135320804, 'staikos@live.com', 400, 8);
INSERT INTO `vfo19a`.`customer` (`cus_id`, `cus_fname`, `cus_lname`, `cus_street`, `cus_city`, `cus_state`, `cus_zip`, `cus_phone`, `cus_email`, `cus_balance`, `cus_total_sales`) VALUES (DEFAULT, 'Henrietta', 'Hooper', '9364 Newcastle Street', 'Batavia', 'OH', 45103, 8449861796, 'gtewari@yahoo.ca', 450, 5);
INSERT INTO `vfo19a`.`customer` (`cus_id`, `cus_fname`, `cus_lname`, `cus_street`, `cus_city`, `cus_state`, `cus_zip`, `cus_phone`, `cus_email`, `cus_balance`, `cus_total_sales`) VALUES (DEFAULT, 'Faiza', 'Sargent', '17 Greenrose St.', 'Morganton', 'NC', 28655, 4677334710, 'metzzo@gmail.com', 500, 10);
INSERT INTO `vfo19a`.`customer` (`cus_id`, `cus_fname`, `cus_lname`, `cus_street`, `cus_city`, `cus_state`, `cus_zip`, `cus_phone`, `cus_email`, `cus_balance`, `cus_total_sales`) VALUES (DEFAULT, 'Jon-Paul', 'Adkins', '590B Glenlake Avenue', 'Grayslake', 'IL', 60030, 6669426517, 'rgarcia@att.net', 750, 1);
INSERT INTO `vfo19a`.`customer` (`cus_id`, `cus_fname`, `cus_lname`, `cus_street`, `cus_city`, `cus_state`, `cus_zip`, `cus_phone`, `cus_email`, `cus_balance`, `cus_total_sales`) VALUES (DEFAULT, 'Ashanti', 'Macleod', '717 Galvin St.', 'Saint Johns', 'FL', 32259, 5222849013, 'tubesteak@optonline.net', 50, 0);
INSERT INTO `vfo19a`.`customer` (`cus_id`, `cus_fname`, `cus_lname`, `cus_street`, `cus_city`, `cus_state`, `cus_zip`, `cus_phone`, `cus_email`, `cus_balance`, `cus_total_sales`) VALUES (DEFAULT, 'Zena', 'Hibbert', '739 Marconi Court', 'Doylestown', 'PA', 18901, 911796-2752, 'podmaster@live.com', 350, 30);
INSERT INTO `vfo19a`.`customer` (`cus_id`, `cus_fname`, `cus_lname`, `cus_street`, `cus_city`, `cus_state`, `cus_zip`, `cus_phone`, `cus_email`, `cus_balance`, `cus_total_sales`) VALUES (DEFAULT, 'Anand', 'Koch', '80 College Lane', 'New Hyde Park', 'NY', 11040, 3133089883, 'cfhsoft@comcast.net', 20, 21);

COMMIT;


-- -----------------------------------------------------
-- Data for table `vfo19a`.`pet`
-- -----------------------------------------------------
START TRANSACTION;
USE `vfo19a`;
INSERT INTO `vfo19a`.`pet` (`pet_id`, `pst_id`, `cus_id`, `pet_type`, `pet_sex`, `pet_cost`, `pet_price`, `pet_age`, `pet_color`, `pet_sale_date`, `pet_vaccine`, `pet_neuter`) VALUES (DEFAULT, 1, NULL, 'Dog', 'm', 20, 50, 2, 'Brown', '2019-10-10', 'y', 'y');
INSERT INTO `vfo19a`.`pet` (`pet_id`, `pst_id`, `cus_id`, `pet_type`, `pet_sex`, `pet_cost`, `pet_price`, `pet_age`, `pet_color`, `pet_sale_date`, `pet_vaccine`, `pet_neuter`) VALUES (DEFAULT, 2, NULL, 'Cat', 'f', 15, 30, 3, 'White', '2020-01-06', 'y', 'y');
INSERT INTO `vfo19a`.`pet` (`pet_id`, `pst_id`, `cus_id`, `pet_type`, `pet_sex`, `pet_cost`, `pet_price`, `pet_age`, `pet_color`, `pet_sale_date`, `pet_vaccine`, `pet_neuter`) VALUES (DEFAULT, 3, NULL, 'Rat', 'f', 30, 40, 4, 'Grey', '2019-07-09', 'n', 'y');
INSERT INTO `vfo19a`.`pet` (`pet_id`, `pst_id`, `cus_id`, `pet_type`, `pet_sex`, `pet_cost`, `pet_price`, `pet_age`, `pet_color`, `pet_sale_date`, `pet_vaccine`, `pet_neuter`) VALUES (DEFAULT, 4, NULL, 'Ferret', 'm', 45, 60, 6, 'Tan', NULL, 'y', 'n');
INSERT INTO `vfo19a`.`pet` (`pet_id`, `pst_id`, `cus_id`, `pet_type`, `pet_sex`, `pet_cost`, `pet_price`, `pet_age`, `pet_color`, `pet_sale_date`, `pet_vaccine`, `pet_neuter`) VALUES (DEFAULT, 5, NULL, 'Snake', 'f', 10, 25, 10, 'Yellow', '2019-03-05', 'y', 'n');
INSERT INTO `vfo19a`.`pet` (`pet_id`, `pst_id`, `cus_id`, `pet_type`, `pet_sex`, `pet_cost`, `pet_price`, `pet_age`, `pet_color`, `pet_sale_date`, `pet_vaccine`, `pet_neuter`) VALUES (DEFAULT, 6, NULL, 'Horse', 'm', 100, 150, 7, 'Maroon', '2019-06-05', 'y', 'y');
INSERT INTO `vfo19a`.`pet` (`pet_id`, `pst_id`, `cus_id`, `pet_type`, `pet_sex`, `pet_cost`, `pet_price`, `pet_age`, `pet_color`, `pet_sale_date`, `pet_vaccine`, `pet_neuter`) VALUES (DEFAULT, 7, NULL, 'Hamster', 'f', 60, 80, 1, 'Cream', NULL, 'n', 'y');
INSERT INTO `vfo19a`.`pet` (`pet_id`, `pst_id`, `cus_id`, `pet_type`, `pet_sex`, `pet_cost`, `pet_price`, `pet_age`, `pet_color`, `pet_sale_date`, `pet_vaccine`, `pet_neuter`) VALUES (DEFAULT, 8, NULL, 'Monkey', 'm', 300, 500, 15, 'Black', NULL, 'n', 'n');
INSERT INTO `vfo19a`.`pet` (`pet_id`, `pst_id`, `cus_id`, `pet_type`, `pet_sex`, `pet_cost`, `pet_price`, `pet_age`, `pet_color`, `pet_sale_date`, `pet_vaccine`, `pet_neuter`) VALUES (DEFAULT, 9, NULL, 'Fish', 'f', 4, 10, 5, 'Orange', NULL, 'y', 'n');
INSERT INTO `vfo19a`.`pet` (`pet_id`, `pst_id`, `cus_id`, `pet_type`, `pet_sex`, `pet_cost`, `pet_price`, `pet_age`, `pet_color`, `pet_sale_date`, `pet_vaccine`, `pet_neuter`) VALUES (DEFAULT, 10, NULL, 'Dragon', 'm', 1000, 3000, 74, 'Green', '2019-12-31', 'n', 'y');

COMMIT;

